Path,Title,Description,Abstract,Keywords
node/22,title22,description22,abstract22,keywords22
node/23,title23,description23,abstract23,keywords23
node/24,title24,description24,abstract24,keywords24
node/25,title25,description25,abstract25,keywords25
node/26,title26,description26,abstract26,keywords26
node/27,title27,description27,abstract27,keywords27
node/28,title28,description28,abstract28,keywords28
node/29,title29,description29,abstract29,keywords29
node/30,title30,description30,abstract30,keywords30
node/31,title31,description31,abstract31,keywords31
node/32,title32,description32,abstract32,keywords32
node/33,title33,description33,abstract33,keywords33
node/34,title34,description34,abstract34,keywords34
node/35,title35,description35,abstract35,keywords35
node/36,title36,description36,abstract36,keywords36
node/37,title37,description37,abstract37,keywords37
node/38,title38,description38,abstract38,keywords38
node/39,title39,description39,abstract39,keywords39
node/40,title40,description40,abstract40,keywords40
node/41,title41,description41,abstract41,keywords41
node/42,title42,description42,abstract42,keywords42
node/43,title43,description43,abstract43,keywords43
node/44,title44,description44,abstract44,keywords44
node/45,title45,description45,abstract45,keywords45
node/46,title46,description46,abstract46,keywords46
node/47,title47,description47,abstract47,keywords47
node/48,title48,description48,abstract48,keywords48
node/49,title49,description49,abstract49,keywords49
node/50,title50,description50,abstract50,keywords50
node/51,title51,description51,abstract51,keywords51
node/52,title52,description52,abstract52,keywords52
node/53,title53,description53,abstract53,keywords53
node/54,title54,description54,abstract54,keywords54
node/55,title55,description55,abstract55,keywords55
node/56,title56,description56,abstract56,keywords56
node/57,title57,description57,abstract57,keywords57
node/58,title58,description58,abstract58,keywords58
node/59,title59,description59,abstract59,keywords59
node/60,title60,description60,abstract60,keywords60
node/61,title61,description61,abstract61,keywords61
node/62,title62,description62,abstract62,keywords62
node/63,title63,description63,abstract63,keywords63
node/64,title64,description64,abstract64,keywords64
node/65,title65,description65,abstract65,keywords65
node/66,title66,description66,abstract66,keywords66
node/67,title67,description67,abstract67,keywords67
node/68,title68,description68,abstract68,keywords68
node/69,title69,description69,abstract69,keywords69
node/70,title70,description70,abstract70,keywords70
node/71,title71,description71,abstract71,keywords71
node/72,title72,description72,abstract72,keywords72
node/73,title73,description73,abstract73,keywords73
node/74,title74,description74,abstract74,keywords74
node/75,title75,description75,abstract75,keywords75
node/76,title76,description76,abstract76,keywords76
node/77,title77,description77,abstract77,keywords77
node/78,title78,description78,abstract78,keywords78
node/79,title79,description79,abstract79,keywords79
node/80,title80,description80,abstract80,keywords80
node/81,title81,description81,abstract81,keywords81
node/82,title82,description82,abstract82,keywords82
node/83,title83,description83,abstract83,keywords83
node/84,title84,description84,abstract84,keywords84
node/85,title85,description85,abstract85,keywords85
node/86,title86,description86,abstract86,keywords86
node/87,title87,description87,abstract87,keywords87
node/88,title88,description88,abstract88,keywords88
node/89,title89,description89,abstract89,keywords89
node/90,title90,description90,abstract90,keywords90
node/91,title91,description91,abstract91,keywords91
node/92,title92,description92,abstract92,keywords92
node/93,title93,description93,abstract93,keywords93
node/94,title94,description94,abstract94,keywords94
node/95,title95,description95,abstract95,keywords95
node/96,title96,description96,abstract96,keywords96
node/97,title97,description97,abstract97,keywords97
node/98,title98,description98,abstract98,keywords98
node/99,title99,description99,abstract99,keywords99
node/100,title100,description100,abstract100,keywords100
node/101,title101,description101,abstract101,keywords101
node/102,title102,description102,abstract102,keywords102
node/103,title103,description103,abstract103,keywords103
node/104,title104,description104,abstract104,keywords104
node/105,title105,description105,abstract105,keywords105
node/106,title106,description106,abstract106,keywords106
node/107,title107,description107,abstract107,keywords107
node/108,title108,description108,abstract108,keywords108
node/109,title109,description109,abstract109,keywords109
node/110,title110,description110,abstract110,keywords110
node/111,title111,description111,abstract111,keywords111
node/112,title112,description112,abstract112,keywords112
node/113,title113,description113,abstract113,keywords113
node/114,title114,description114,abstract114,keywords114
node/115,title115,description115,abstract115,keywords115
node/116,title116,description116,abstract116,keywords116
node/117,title117,description117,abstract117,keywords117
node/118,title118,description118,abstract118,keywords118
node/119,title119,description119,abstract119,keywords119
node/120,title120,description120,abstract120,keywords120
node/121,title121,description121,abstract121,keywords121
node/122,title122,description122,abstract122,keywords122
node/123,title123,description123,abstract123,keywords123
node/124,title124,description124,abstract124,keywords124
node/125,title125,description125,abstract125,keywords125
node/126,title126,description126,abstract126,keywords126
node/127,title127,description127,abstract127,keywords127
node/128,title128,description128,abstract128,keywords128
node/129,title129,description129,abstract129,keywords129
node/130,title130,description130,abstract130,keywords130
node/131,title131,description131,abstract131,keywords131
node/132,title132,description132,abstract132,keywords132
node/133,title133,description133,abstract133,keywords133
node/134,title134,description134,abstract134,keywords134
node/135,title135,description135,abstract135,keywords135
node/136,title136,description136,abstract136,keywords136
node/137,title137,description137,abstract137,keywords137
node/138,title138,description138,abstract138,keywords138
node/139,title139,description139,abstract139,keywords139
node/140,title140,description140,abstract140,keywords140
node/141,title141,description141,abstract141,keywords141
node/142,title142,description142,abstract142,keywords142
node/143,title143,description143,abstract143,keywords143
node/144,title144,description144,abstract144,keywords144
node/145,title145,description145,abstract145,keywords145
node/146,title146,description146,abstract146,keywords146
node/147,title147,description147,abstract147,keywords147
node/148,title148,description148,abstract148,keywords148
node/149,title149,description149,abstract149,keywords149
node/150,title150,description150,abstract150,keywords150
node/151,title151,description151,abstract151,keywords151
node/152,title152,description152,abstract152,keywords152
node/153,title153,description153,abstract153,keywords153
node/154,title154,description154,abstract154,keywords154
node/155,title155,description155,abstract155,keywords155
node/156,title156,description156,abstract156,keywords156
node/157,title157,description157,abstract157,keywords157
node/158,title158,description158,abstract158,keywords158
node/159,title159,description159,abstract159,keywords159
node/160,title160,description160,abstract160,keywords160
node/161,title161,description161,abstract161,keywords161
node/162,title162,description162,abstract162,keywords162
node/163,title163,description163,abstract163,keywords163
node/164,title164,description164,abstract164,keywords164
node/165,title165,description165,abstract165,keywords165
node/166,title166,description166,abstract166,keywords166
node/167,title167,description167,abstract167,keywords167
node/168,title168,description168,abstract168,keywords168
node/169,title169,description169,abstract169,keywords169
node/170,title170,description170,abstract170,keywords170
node/171,title171,description171,abstract171,keywords171
node/172,title172,description172,abstract172,keywords172
node/173,title173,description173,abstract173,keywords173
node/174,title174,description174,abstract174,keywords174
node/175,title175,description175,abstract175,keywords175
node/176,title176,description176,abstract176,keywords176
node/177,title177,description177,abstract177,keywords177
node/178,title178,description178,abstract178,keywords178
node/179,title179,description179,abstract179,keywords179
node/180,title180,description180,abstract180,keywords180
node/181,title181,description181,abstract181,keywords181
node/182,title182,description182,abstract182,keywords182
node/183,title183,description183,abstract183,keywords183
node/184,title184,description184,abstract184,keywords184
node/185,title185,description185,abstract185,keywords185
node/186,title186,description186,abstract186,keywords186
node/187,title187,description187,abstract187,keywords187
node/188,title188,description188,abstract188,keywords188
node/189,title189,description189,abstract189,keywords189
node/190,title190,description190,abstract190,keywords190
node/191,title191,description191,abstract191,keywords191
node/192,title192,description192,abstract192,keywords192
node/193,title193,description193,abstract193,keywords193
node/194,title194,description194,abstract194,keywords194
node/195,title195,description195,abstract195,keywords195
node/196,title196,description196,abstract196,keywords196
node/197,title197,description197,abstract197,keywords197
node/198,title198,description198,abstract198,keywords198
node/199,title199,description199,abstract199,keywords199
node/200,title200,description200,abstract200,keywords200
node/201,title201,description201,abstract201,keywords201
node/202,title202,description202,abstract202,keywords202
node/203,title203,description203,abstract203,keywords203
node/204,title204,description204,abstract204,keywords204
node/205,title205,description205,abstract205,keywords205
node/206,title206,description206,abstract206,keywords206
node/207,title207,description207,abstract207,keywords207
node/208,title208,description208,abstract208,keywords208
node/209,title209,description209,abstract209,keywords209
node/210,title210,description210,abstract210,keywords210
node/211,title211,description211,abstract211,keywords211
node/212,title212,description212,abstract212,keywords212
node/213,title213,description213,abstract213,keywords213
node/214,title214,description214,abstract214,keywords214
node/215,title215,description215,abstract215,keywords215
node/216,title216,description216,abstract216,keywords216
node/217,title217,description217,abstract217,keywords217
node/218,title218,description218,abstract218,keywords218
node/219,title219,description219,abstract219,keywords219
node/220,title220,description220,abstract220,keywords220
node/221,title221,description221,abstract221,keywords221
node/222,title222,description222,abstract222,keywords222
node/223,title223,description223,abstract223,keywords223
node/224,title224,description224,abstract224,keywords224
node/225,title225,description225,abstract225,keywords225
node/226,title226,description226,abstract226,keywords226
node/227,title227,description227,abstract227,keywords227
node/228,title228,description228,abstract228,keywords228
node/229,title229,description229,abstract229,keywords229
node/230,title230,description230,abstract230,keywords230
node/231,title231,description231,abstract231,keywords231
node/232,title232,description232,abstract232,keywords232
node/233,title233,description233,abstract233,keywords233
node/234,title234,description234,abstract234,keywords234
node/235,title235,description235,abstract235,keywords235
node/236,title236,description236,abstract236,keywords236
node/237,title237,description237,abstract237,keywords237
node/238,title238,description238,abstract238,keywords238
node/239,title239,description239,abstract239,keywords239
node/240,title240,description240,abstract240,keywords240
node/241,title241,description241,abstract241,keywords241
node/242,title242,description242,abstract242,keywords242
node/243,title243,description243,abstract243,keywords243
node/244,title244,description244,abstract244,keywords244
node/245,title245,description245,abstract245,keywords245
node/246,title246,description246,abstract246,keywords246
node/247,title247,description247,abstract247,keywords247
node/248,title248,description248,abstract248,keywords248
node/249,title249,description249,abstract249,keywords249
node/250,title250,description250,abstract250,keywords250
node/251,title251,description251,abstract251,keywords251
node/252,title252,description252,abstract252,keywords252
node/253,title253,description253,abstract253,keywords253
node/254,title254,description254,abstract254,keywords254
node/255,title255,description255,abstract255,keywords255
node/256,title256,description256,abstract256,keywords256
node/257,title257,description257,abstract257,keywords257
node/258,title258,description258,abstract258,keywords258
node/259,title259,description259,abstract259,keywords259
node/260,title260,description260,abstract260,keywords260
node/261,title261,description261,abstract261,keywords261
node/262,title262,description262,abstract262,keywords262
node/263,title263,description263,abstract263,keywords263
node/264,title264,description264,abstract264,keywords264
node/265,title265,description265,abstract265,keywords265
node/266,title266,description266,abstract266,keywords266
node/267,title267,description267,abstract267,keywords267
node/268,title268,description268,abstract268,keywords268
node/269,title269,description269,abstract269,keywords269
node/270,title270,description270,abstract270,keywords270
node/271,title271,description271,abstract271,keywords271
node/272,title272,description272,abstract272,keywords272
node/273,title273,description273,abstract273,keywords273
node/274,title274,description274,abstract274,keywords274
node/275,title275,description275,abstract275,keywords275
node/276,title276,description276,abstract276,keywords276
node/277,title277,description277,abstract277,keywords277
node/278,title278,description278,abstract278,keywords278
node/279,title279,description279,abstract279,keywords279
node/280,title280,description280,abstract280,keywords280
node/281,title281,description281,abstract281,keywords281
node/282,title282,description282,abstract282,keywords282
node/283,title283,description283,abstract283,keywords283
node/284,title284,description284,abstract284,keywords284
node/285,title285,description285,abstract285,keywords285
node/286,title286,description286,abstract286,keywords286
node/287,title287,description287,abstract287,keywords287
node/288,title288,description288,abstract288,keywords288
node/289,title289,description289,abstract289,keywords289
node/290,title290,description290,abstract290,keywords290
node/291,title291,description291,abstract291,keywords291
node/292,title292,description292,abstract292,keywords292
node/293,title293,description293,abstract293,keywords293
node/294,title294,description294,abstract294,keywords294
node/295,title295,description295,abstract295,keywords295
node/296,title296,description296,abstract296,keywords296
node/297,title297,description297,abstract297,keywords297
node/298,title298,description298,abstract298,keywords298
node/299,title299,description299,abstract299,keywords299
node/300,title300,description300,abstract300,keywords300
node/301,title301,description301,abstract301,keywords301
node/302,title302,description302,abstract302,keywords302
node/303,title303,description303,abstract303,keywords303
node/304,title304,description304,abstract304,keywords304
node/305,title305,description305,abstract305,keywords305
node/306,title306,description306,abstract306,keywords306
node/307,title307,description307,abstract307,keywords307
node/308,title308,description308,abstract308,keywords308
node/309,title309,description309,abstract309,keywords309
node/310,title310,description310,abstract310,keywords310
node/311,title311,description311,abstract311,keywords311
node/312,title312,description312,abstract312,keywords312
node/313,title313,description313,abstract313,keywords313
node/314,title314,description314,abstract314,keywords314
node/315,title315,description315,abstract315,keywords315
node/316,title316,description316,abstract316,keywords316
node/317,title317,description317,abstract317,keywords317
node/318,title318,description318,abstract318,keywords318
node/319,title319,description319,abstract319,keywords319
node/320,title320,description320,abstract320,keywords320
node/321,title321,description321,abstract321,keywords321
node/322,title322,description322,abstract322,keywords322
node/323,title323,description323,abstract323,keywords323
node/324,title324,description324,abstract324,keywords324
node/325,title325,description325,abstract325,keywords325
node/326,title326,description326,abstract326,keywords326
node/327,title327,description327,abstract327,keywords327
node/328,title328,description328,abstract328,keywords328
node/329,title329,description329,abstract329,keywords329
node/330,title330,description330,abstract330,keywords330
node/331,title331,description331,abstract331,keywords331
node/332,title332,description332,abstract332,keywords332
node/333,title333,description333,abstract333,keywords333
node/334,title334,description334,abstract334,keywords334
node/335,title335,description335,abstract335,keywords335
node/336,title336,description336,abstract336,keywords336
node/337,title337,description337,abstract337,keywords337
node/338,title338,description338,abstract338,keywords338
node/339,title339,description339,abstract339,keywords339
node/340,title340,description340,abstract340,keywords340
node/341,title341,description341,abstract341,keywords341
node/342,title342,description342,abstract342,keywords342
node/343,title343,description343,abstract343,keywords343
node/344,title344,description344,abstract344,keywords344
node/345,title345,description345,abstract345,keywords345
node/346,title346,description346,abstract346,keywords346
node/347,title347,description347,abstract347,keywords347
node/348,title348,description348,abstract348,keywords348
node/349,title349,description349,abstract349,keywords349
node/350,title350,description350,abstract350,keywords350
node/351,title351,description351,abstract351,keywords351
node/352,title352,description352,abstract352,keywords352
node/353,title353,description353,abstract353,keywords353
node/354,title354,description354,abstract354,keywords354
node/355,title355,description355,abstract355,keywords355
node/356,title356,description356,abstract356,keywords356
node/357,title357,description357,abstract357,keywords357
node/358,title358,description358,abstract358,keywords358
node/359,title359,description359,abstract359,keywords359
node/360,title360,description360,abstract360,keywords360
node/361,title361,description361,abstract361,keywords361
node/362,title362,description362,abstract362,keywords362
node/363,title363,description363,abstract363,keywords363
node/364,title364,description364,abstract364,keywords364
node/365,title365,description365,abstract365,keywords365
node/366,title366,description366,abstract366,keywords366
node/367,title367,description367,abstract367,keywords367
node/368,title368,description368,abstract368,keywords368
node/369,title369,description369,abstract369,keywords369
node/370,title370,description370,abstract370,keywords370
node/371,title371,description371,abstract371,keywords371
node/372,title372,description372,abstract372,keywords372
node/373,title373,description373,abstract373,keywords373
node/374,title374,description374,abstract374,keywords374
node/375,title375,description375,abstract375,keywords375
node/376,title376,description376,abstract376,keywords376
node/377,title377,description377,abstract377,keywords377
node/378,title378,description378,abstract378,keywords378
node/379,title379,description379,abstract379,keywords379
node/380,title380,description380,abstract380,keywords380
node/381,title381,description381,abstract381,keywords381
node/382,title382,description382,abstract382,keywords382
node/383,title383,description383,abstract383,keywords383
node/384,title384,description384,abstract384,keywords384
node/385,title385,description385,abstract385,keywords385
node/386,title386,description386,abstract386,keywords386
node/387,title387,description387,abstract387,keywords387
node/388,title388,description388,abstract388,keywords388
node/389,title389,description389,abstract389,keywords389
node/390,title390,description390,abstract390,keywords390
node/391,title391,description391,abstract391,keywords391
node/392,title392,description392,abstract392,keywords392
node/393,title393,description393,abstract393,keywords393
node/394,title394,description394,abstract394,keywords394
node/395,title395,description395,abstract395,keywords395
node/396,title396,description396,abstract396,keywords396
node/397,title397,description397,abstract397,keywords397
node/398,title398,description398,abstract398,keywords398
node/399,title399,description399,abstract399,keywords399
node/400,title400,description400,abstract400,keywords400
node/401,title401,description401,abstract401,keywords401
node/402,title402,description402,abstract402,keywords402
node/403,title403,description403,abstract403,keywords403
node/404,title404,description404,abstract404,keywords404
node/405,title405,description405,abstract405,keywords405
node/406,title406,description406,abstract406,keywords406
node/407,title407,description407,abstract407,keywords407
node/408,title408,description408,abstract408,keywords408
node/409,title409,description409,abstract409,keywords409
node/410,title410,description410,abstract410,keywords410
node/411,title411,description411,abstract411,keywords411
node/412,title412,description412,abstract412,keywords412
node/413,title413,description413,abstract413,keywords413
node/414,title414,description414,abstract414,keywords414
node/415,title415,description415,abstract415,keywords415
node/416,title416,description416,abstract416,keywords416
node/417,title417,description417,abstract417,keywords417
node/418,title418,description418,abstract418,keywords418
node/419,title419,description419,abstract419,keywords419
node/420,title420,description420,abstract420,keywords420
node/421,title421,description421,abstract421,keywords421
node/422,title422,description422,abstract422,keywords422
node/423,title423,description423,abstract423,keywords423
node/424,title424,description424,abstract424,keywords424
node/425,title425,description425,abstract425,keywords425
node/426,title426,description426,abstract426,keywords426
node/427,title427,description427,abstract427,keywords427
node/428,title428,description428,abstract428,keywords428
node/429,title429,description429,abstract429,keywords429
node/430,title430,description430,abstract430,keywords430
node/431,title431,description431,abstract431,keywords431
node/432,title432,description432,abstract432,keywords432
node/433,title433,description433,abstract433,keywords433
node/434,title434,description434,abstract434,keywords434
node/435,title435,description435,abstract435,keywords435
node/436,title436,description436,abstract436,keywords436
node/437,title437,description437,abstract437,keywords437
node/438,title438,description438,abstract438,keywords438
node/439,title439,description439,abstract439,keywords439
node/440,title440,description440,abstract440,keywords440
node/441,title441,description441,abstract441,keywords441
node/442,title442,description442,abstract442,keywords442
node/443,title443,description443,abstract443,keywords443
node/444,title444,description444,abstract444,keywords444
node/445,title445,description445,abstract445,keywords445
node/446,title446,description446,abstract446,keywords446
node/447,title447,description447,abstract447,keywords447
node/448,title448,description448,abstract448,keywords448
node/449,title449,description449,abstract449,keywords449
node/450,title450,description450,abstract450,keywords450
node/451,title451,description451,abstract451,keywords451
node/452,title452,description452,abstract452,keywords452
node/453,title453,description453,abstract453,keywords453
node/454,title454,description454,abstract454,keywords454
node/455,title455,description455,abstract455,keywords455
node/456,title456,description456,abstract456,keywords456
node/457,title457,description457,abstract457,keywords457
node/458,title458,description458,abstract458,keywords458
node/459,title459,description459,abstract459,keywords459
node/460,title460,description460,abstract460,keywords460
node/461,title461,description461,abstract461,keywords461
node/462,title462,description462,abstract462,keywords462
node/463,title463,description463,abstract463,keywords463
node/464,title464,description464,abstract464,keywords464
node/465,title465,description465,abstract465,keywords465
node/466,title466,description466,abstract466,keywords466
node/467,title467,description467,abstract467,keywords467
node/468,title468,description468,abstract468,keywords468
node/469,title469,description469,abstract469,keywords469
node/470,title470,description470,abstract470,keywords470
node/471,title471,description471,abstract471,keywords471
node/472,title472,description472,abstract472,keywords472
node/473,title473,description473,abstract473,keywords473
node/474,title474,description474,abstract474,keywords474
node/475,title475,description475,abstract475,keywords475
node/476,title476,description476,abstract476,keywords476
node/477,title477,description477,abstract477,keywords477
node/478,title478,description478,abstract478,keywords478
node/479,title479,description479,abstract479,keywords479
node/480,title480,description480,abstract480,keywords480
node/481,title481,description481,abstract481,keywords481
node/482,title482,description482,abstract482,keywords482
node/483,title483,description483,abstract483,keywords483
node/484,title484,description484,abstract484,keywords484
node/485,title485,description485,abstract485,keywords485
node/486,title486,description486,abstract486,keywords486
node/487,title487,description487,abstract487,keywords487
node/488,title488,description488,abstract488,keywords488
node/489,title489,description489,abstract489,keywords489
node/490,title490,description490,abstract490,keywords490
node/491,title491,description491,abstract491,keywords491
node/492,title492,description492,abstract492,keywords492
node/493,title493,description493,abstract493,keywords493
node/494,title494,description494,abstract494,keywords494
node/495,title495,description495,abstract495,keywords495
node/496,title496,description496,abstract496,keywords496
node/497,title497,description497,abstract497,keywords497
node/498,title498,description498,abstract498,keywords498
node/499,title499,description499,abstract499,keywords499
node/500,title500,description500,abstract500,keywords500
node/501,title501,description501,abstract501,keywords501
node/502,title502,description502,abstract502,keywords502
node/503,title503,description503,abstract503,keywords503
node/504,title504,description504,abstract504,keywords504
node/505,title505,description505,abstract505,keywords505
node/506,title506,description506,abstract506,keywords506
node/507,title507,description507,abstract507,keywords507
node/508,title508,description508,abstract508,keywords508
node/509,title509,description509,abstract509,keywords509
node/510,title510,description510,abstract510,keywords510
node/511,title511,description511,abstract511,keywords511
node/512,title512,description512,abstract512,keywords512
node/513,title513,description513,abstract513,keywords513
node/514,title514,description514,abstract514,keywords514
node/515,title515,description515,abstract515,keywords515
node/516,title516,description516,abstract516,keywords516
node/517,title517,description517,abstract517,keywords517
node/518,title518,description518,abstract518,keywords518
node/519,title519,description519,abstract519,keywords519
node/520,title520,description520,abstract520,keywords520
node/521,title521,description521,abstract521,keywords521
node/522,title522,description522,abstract522,keywords522
node/523,title523,description523,abstract523,keywords523
node/524,title524,description524,abstract524,keywords524
node/525,title525,description525,abstract525,keywords525
node/526,title526,description526,abstract526,keywords526
node/527,title527,description527,abstract527,keywords527
node/528,title528,description528,abstract528,keywords528
node/529,title529,description529,abstract529,keywords529
node/530,title530,description530,abstract530,keywords530
node/531,title531,description531,abstract531,keywords531
node/532,title532,description532,abstract532,keywords532
node/533,title533,description533,abstract533,keywords533
node/534,title534,description534,abstract534,keywords534
node/535,title535,description535,abstract535,keywords535
node/536,title536,description536,abstract536,keywords536
node/537,title537,description537,abstract537,keywords537
node/538,title538,description538,abstract538,keywords538
node/539,title539,description539,abstract539,keywords539
node/540,title540,description540,abstract540,keywords540
node/541,title541,description541,abstract541,keywords541
node/542,title542,description542,abstract542,keywords542
node/543,title543,description543,abstract543,keywords543
node/544,title544,description544,abstract544,keywords544
node/545,title545,description545,abstract545,keywords545
node/546,title546,description546,abstract546,keywords546
node/547,title547,description547,abstract547,keywords547
node/548,title548,description548,abstract548,keywords548
node/549,title549,description549,abstract549,keywords549
node/550,title550,description550,abstract550,keywords550
node/551,title551,description551,abstract551,keywords551
node/552,title552,description552,abstract552,keywords552
node/553,title553,description553,abstract553,keywords553
node/554,title554,description554,abstract554,keywords554
node/555,title555,description555,abstract555,keywords555
node/556,title556,description556,abstract556,keywords556
node/557,title557,description557,abstract557,keywords557
node/558,title558,description558,abstract558,keywords558
node/559,title559,description559,abstract559,keywords559
node/560,title560,description560,abstract560,keywords560
node/561,title561,description561,abstract561,keywords561
node/562,title562,description562,abstract562,keywords562
node/563,title563,description563,abstract563,keywords563
node/564,title564,description564,abstract564,keywords564
node/565,title565,description565,abstract565,keywords565
node/566,title566,description566,abstract566,keywords566
node/567,title567,description567,abstract567,keywords567
node/568,title568,description568,abstract568,keywords568
node/569,title569,description569,abstract569,keywords569
node/570,title570,description570,abstract570,keywords570
node/571,title571,description571,abstract571,keywords571
node/572,title572,description572,abstract572,keywords572
node/573,title573,description573,abstract573,keywords573
node/574,title574,description574,abstract574,keywords574
node/575,title575,description575,abstract575,keywords575
node/576,title576,description576,abstract576,keywords576
node/577,title577,description577,abstract577,keywords577
node/578,title578,description578,abstract578,keywords578
node/579,title579,description579,abstract579,keywords579
node/580,title580,description580,abstract580,keywords580
node/581,title581,description581,abstract581,keywords581
node/582,title582,description582,abstract582,keywords582
node/583,title583,description583,abstract583,keywords583
node/584,title584,description584,abstract584,keywords584
node/585,title585,description585,abstract585,keywords585
node/586,title586,description586,abstract586,keywords586
node/587,title587,description587,abstract587,keywords587
node/588,title588,description588,abstract588,keywords588
node/589,title589,description589,abstract589,keywords589
node/590,title590,description590,abstract590,keywords590
node/591,title591,description591,abstract591,keywords591
node/592,title592,description592,abstract592,keywords592
node/593,title593,description593,abstract593,keywords593
node/594,title594,description594,abstract594,keywords594
node/595,title595,description595,abstract595,keywords595
node/596,title596,description596,abstract596,keywords596
node/597,title597,description597,abstract597,keywords597
node/598,title598,description598,abstract598,keywords598
node/599,title599,description599,abstract599,keywords599
node/600,title600,description600,abstract600,keywords600
node/601,title601,description601,abstract601,keywords601
node/602,title602,description602,abstract602,keywords602
node/603,title603,description603,abstract603,keywords603
node/604,title604,description604,abstract604,keywords604
node/605,title605,description605,abstract605,keywords605
node/606,title606,description606,abstract606,keywords606
node/607,title607,description607,abstract607,keywords607
node/608,title608,description608,abstract608,keywords608
node/609,title609,description609,abstract609,keywords609
node/610,title610,description610,abstract610,keywords610
node/611,title611,description611,abstract611,keywords611
node/612,title612,description612,abstract612,keywords612
node/613,title613,description613,abstract613,keywords613
node/614,title614,description614,abstract614,keywords614
node/615,title615,description615,abstract615,keywords615
node/616,title616,description616,abstract616,keywords616
node/617,title617,description617,abstract617,keywords617
node/618,title618,description618,abstract618,keywords618
node/619,title619,description619,abstract619,keywords619
node/620,title620,description620,abstract620,keywords620
node/621,title621,description621,abstract621,keywords621
node/622,title622,description622,abstract622,keywords622
node/623,title623,description623,abstract623,keywords623
node/624,title624,description624,abstract624,keywords624
node/625,title625,description625,abstract625,keywords625
node/626,title626,description626,abstract626,keywords626
node/627,title627,description627,abstract627,keywords627
node/628,title628,description628,abstract628,keywords628
node/629,title629,description629,abstract629,keywords629
node/630,title630,description630,abstract630,keywords630
node/631,title631,description631,abstract631,keywords631
node/632,title632,description632,abstract632,keywords632
node/633,title633,description633,abstract633,keywords633
node/634,title634,description634,abstract634,keywords634
node/635,title635,description635,abstract635,keywords635
node/636,title636,description636,abstract636,keywords636
node/637,title637,description637,abstract637,keywords637
node/638,title638,description638,abstract638,keywords638
node/639,title639,description639,abstract639,keywords639
node/640,title640,description640,abstract640,keywords640
node/641,title641,description641,abstract641,keywords641
node/642,title642,description642,abstract642,keywords642
node/643,title643,description643,abstract643,keywords643
node/644,title644,description644,abstract644,keywords644
node/645,title645,description645,abstract645,keywords645
node/646,title646,description646,abstract646,keywords646
node/647,title647,description647,abstract647,keywords647
node/648,title648,description648,abstract648,keywords648
node/649,title649,description649,abstract649,keywords649
node/650,title650,description650,abstract650,keywords650
node/651,title651,description651,abstract651,keywords651
node/652,title652,description652,abstract652,keywords652
node/653,title653,description653,abstract653,keywords653
node/654,title654,description654,abstract654,keywords654
node/655,title655,description655,abstract655,keywords655
node/656,title656,description656,abstract656,keywords656
node/657,title657,description657,abstract657,keywords657
node/658,title658,description658,abstract658,keywords658
node/659,title659,description659,abstract659,keywords659
node/660,title660,description660,abstract660,keywords660
node/661,title661,description661,abstract661,keywords661
node/662,title662,description662,abstract662,keywords662
node/663,title663,description663,abstract663,keywords663
node/664,title664,description664,abstract664,keywords664
node/665,title665,description665,abstract665,keywords665
node/666,title666,description666,abstract666,keywords666
node/667,title667,description667,abstract667,keywords667
node/668,title668,description668,abstract668,keywords668
node/669,title669,description669,abstract669,keywords669
node/670,title670,description670,abstract670,keywords670
node/671,title671,description671,abstract671,keywords671
node/672,title672,description672,abstract672,keywords672
node/673,title673,description673,abstract673,keywords673
node/674,title674,description674,abstract674,keywords674
node/675,title675,description675,abstract675,keywords675
node/676,title676,description676,abstract676,keywords676
node/677,title677,description677,abstract677,keywords677
node/678,title678,description678,abstract678,keywords678
node/679,title679,description679,abstract679,keywords679
node/680,title680,description680,abstract680,keywords680
node/681,title681,description681,abstract681,keywords681
node/682,title682,description682,abstract682,keywords682
node/683,title683,description683,abstract683,keywords683
node/684,title684,description684,abstract684,keywords684
node/685,title685,description685,abstract685,keywords685
node/686,title686,description686,abstract686,keywords686
node/687,title687,description687,abstract687,keywords687
node/688,title688,description688,abstract688,keywords688
node/689,title689,description689,abstract689,keywords689
node/690,title690,description690,abstract690,keywords690
node/691,title691,description691,abstract691,keywords691
node/692,title692,description692,abstract692,keywords692
node/693,title693,description693,abstract693,keywords693
node/694,title694,description694,abstract694,keywords694
node/695,title695,description695,abstract695,keywords695
node/696,title696,description696,abstract696,keywords696
node/697,title697,description697,abstract697,keywords697
node/698,title698,description698,abstract698,keywords698
node/699,title699,description699,abstract699,keywords699
node/700,title700,description700,abstract700,keywords700
node/701,title701,description701,abstract701,keywords701
node/702,title702,description702,abstract702,keywords702
node/703,title703,description703,abstract703,keywords703
node/704,title704,description704,abstract704,keywords704
node/705,title705,description705,abstract705,keywords705
node/706,title706,description706,abstract706,keywords706
node/707,title707,description707,abstract707,keywords707
node/708,title708,description708,abstract708,keywords708
node/709,title709,description709,abstract709,keywords709
node/710,title710,description710,abstract710,keywords710
node/711,title711,description711,abstract711,keywords711
node/712,title712,description712,abstract712,keywords712
node/713,title713,description713,abstract713,keywords713
node/714,title714,description714,abstract714,keywords714
node/715,title715,description715,abstract715,keywords715
node/716,title716,description716,abstract716,keywords716
node/717,title717,description717,abstract717,keywords717
node/718,title718,description718,abstract718,keywords718
node/719,title719,description719,abstract719,keywords719
node/720,title720,description720,abstract720,keywords720
node/721,title721,description721,abstract721,keywords721
node/722,title722,description722,abstract722,keywords722
node/723,title723,description723,abstract723,keywords723
node/724,title724,description724,abstract724,keywords724
node/725,title725,description725,abstract725,keywords725
node/726,title726,description726,abstract726,keywords726
node/727,title727,description727,abstract727,keywords727
node/728,title728,description728,abstract728,keywords728
node/729,title729,description729,abstract729,keywords729
node/730,title730,description730,abstract730,keywords730
node/731,title731,description731,abstract731,keywords731
node/732,title732,description732,abstract732,keywords732
node/733,title733,description733,abstract733,keywords733
node/734,title734,description734,abstract734,keywords734
node/735,title735,description735,abstract735,keywords735
node/736,title736,description736,abstract736,keywords736
node/737,title737,description737,abstract737,keywords737
node/738,title738,description738,abstract738,keywords738
node/739,title739,description739,abstract739,keywords739
node/740,title740,description740,abstract740,keywords740
node/741,title741,description741,abstract741,keywords741
node/742,title742,description742,abstract742,keywords742
node/743,title743,description743,abstract743,keywords743
node/744,title744,description744,abstract744,keywords744
node/745,title745,description745,abstract745,keywords745
node/746,title746,description746,abstract746,keywords746
node/747,title747,description747,abstract747,keywords747
node/748,title748,description748,abstract748,keywords748
node/749,title749,description749,abstract749,keywords749
node/750,title750,description750,abstract750,keywords750
node/751,title751,description751,abstract751,keywords751
node/752,title752,description752,abstract752,keywords752
node/753,title753,description753,abstract753,keywords753
node/754,title754,description754,abstract754,keywords754
node/755,title755,description755,abstract755,keywords755
node/756,title756,description756,abstract756,keywords756
node/757,title757,description757,abstract757,keywords757
node/758,title758,description758,abstract758,keywords758
node/759,title759,description759,abstract759,keywords759
node/760,title760,description760,abstract760,keywords760
node/761,title761,description761,abstract761,keywords761
node/762,title762,description762,abstract762,keywords762
node/763,title763,description763,abstract763,keywords763
node/764,title764,description764,abstract764,keywords764
node/765,title765,description765,abstract765,keywords765
node/766,title766,description766,abstract766,keywords766
node/767,title767,description767,abstract767,keywords767
node/768,title768,description768,abstract768,keywords768
node/769,title769,description769,abstract769,keywords769
node/770,title770,description770,abstract770,keywords770
node/771,title771,description771,abstract771,keywords771
node/772,title772,description772,abstract772,keywords772
node/773,title773,description773,abstract773,keywords773
node/774,title774,description774,abstract774,keywords774
node/775,title775,description775,abstract775,keywords775
node/776,title776,description776,abstract776,keywords776
node/777,title777,description777,abstract777,keywords777
node/778,title778,description778,abstract778,keywords778
node/779,title779,description779,abstract779,keywords779
node/780,title780,description780,abstract780,keywords780
node/781,title781,description781,abstract781,keywords781
node/782,title782,description782,abstract782,keywords782
node/783,title783,description783,abstract783,keywords783
node/784,title784,description784,abstract784,keywords784
node/785,title785,description785,abstract785,keywords785
node/786,title786,description786,abstract786,keywords786
node/787,title787,description787,abstract787,keywords787
node/788,title788,description788,abstract788,keywords788
node/789,title789,description789,abstract789,keywords789
node/790,title790,description790,abstract790,keywords790
node/791,title791,description791,abstract791,keywords791
node/792,title792,description792,abstract792,keywords792
node/793,title793,description793,abstract793,keywords793
node/794,title794,description794,abstract794,keywords794
node/795,title795,description795,abstract795,keywords795
node/796,title796,description796,abstract796,keywords796
node/797,title797,description797,abstract797,keywords797
node/798,title798,description798,abstract798,keywords798
node/799,title799,description799,abstract799,keywords799
node/800,title800,description800,abstract800,keywords800
node/801,title801,description801,abstract801,keywords801
node/802,title802,description802,abstract802,keywords802
node/803,title803,description803,abstract803,keywords803
node/804,title804,description804,abstract804,keywords804
node/805,title805,description805,abstract805,keywords805
node/806,title806,description806,abstract806,keywords806
node/807,title807,description807,abstract807,keywords807
node/808,title808,description808,abstract808,keywords808
node/809,title809,description809,abstract809,keywords809
node/810,title810,description810,abstract810,keywords810
node/811,title811,description811,abstract811,keywords811
node/812,title812,description812,abstract812,keywords812
node/813,title813,description813,abstract813,keywords813
node/814,title814,description814,abstract814,keywords814
node/815,title815,description815,abstract815,keywords815
node/816,title816,description816,abstract816,keywords816
node/817,title817,description817,abstract817,keywords817
node/818,title818,description818,abstract818,keywords818
node/819,title819,description819,abstract819,keywords819
node/820,title820,description820,abstract820,keywords820
node/821,title821,description821,abstract821,keywords821
node/822,title822,description822,abstract822,keywords822
node/823,title823,description823,abstract823,keywords823
node/824,title824,description824,abstract824,keywords824
node/825,title825,description825,abstract825,keywords825
node/826,title826,description826,abstract826,keywords826
node/827,title827,description827,abstract827,keywords827
node/828,title828,description828,abstract828,keywords828
node/829,title829,description829,abstract829,keywords829
node/830,title830,description830,abstract830,keywords830
node/831,title831,description831,abstract831,keywords831
node/832,title832,description832,abstract832,keywords832
node/833,title833,description833,abstract833,keywords833
node/834,title834,description834,abstract834,keywords834
node/835,title835,description835,abstract835,keywords835
node/836,title836,description836,abstract836,keywords836
node/837,title837,description837,abstract837,keywords837
node/838,title838,description838,abstract838,keywords838
node/839,title839,description839,abstract839,keywords839
node/840,title840,description840,abstract840,keywords840
node/841,title841,description841,abstract841,keywords841
node/842,title842,description842,abstract842,keywords842
node/843,title843,description843,abstract843,keywords843
node/844,title844,description844,abstract844,keywords844
node/845,title845,description845,abstract845,keywords845
node/846,title846,description846,abstract846,keywords846
node/847,title847,description847,abstract847,keywords847
node/848,title848,description848,abstract848,keywords848
node/849,title849,description849,abstract849,keywords849
node/850,title850,description850,abstract850,keywords850
node/851,title851,description851,abstract851,keywords851
node/852,title852,description852,abstract852,keywords852
node/853,title853,description853,abstract853,keywords853
node/854,title854,description854,abstract854,keywords854
node/855,title855,description855,abstract855,keywords855
node/856,title856,description856,abstract856,keywords856
node/857,title857,description857,abstract857,keywords857
node/858,title858,description858,abstract858,keywords858
node/859,title859,description859,abstract859,keywords859
node/860,title860,description860,abstract860,keywords860
node/861,title861,description861,abstract861,keywords861
node/862,title862,description862,abstract862,keywords862
node/863,title863,description863,abstract863,keywords863
node/864,title864,description864,abstract864,keywords864
node/865,title865,description865,abstract865,keywords865
node/866,title866,description866,abstract866,keywords866
node/867,title867,description867,abstract867,keywords867
node/868,title868,description868,abstract868,keywords868
node/869,title869,description869,abstract869,keywords869
node/870,title870,description870,abstract870,keywords870
node/871,title871,description871,abstract871,keywords871
node/872,title872,description872,abstract872,keywords872
node/873,title873,description873,abstract873,keywords873
node/874,title874,description874,abstract874,keywords874
node/875,title875,description875,abstract875,keywords875
node/876,title876,description876,abstract876,keywords876
node/877,title877,description877,abstract877,keywords877
node/878,title878,description878,abstract878,keywords878
node/879,title879,description879,abstract879,keywords879
node/880,title880,description880,abstract880,keywords880
node/881,title881,description881,abstract881,keywords881
node/882,title882,description882,abstract882,keywords882
node/883,title883,description883,abstract883,keywords883
node/884,title884,description884,abstract884,keywords884
node/885,title885,description885,abstract885,keywords885
node/886,title886,description886,abstract886,keywords886
node/887,title887,description887,abstract887,keywords887
node/888,title888,description888,abstract888,keywords888
node/889,title889,description889,abstract889,keywords889
node/890,title890,description890,abstract890,keywords890
node/891,title891,description891,abstract891,keywords891
node/892,title892,description892,abstract892,keywords892
node/893,title893,description893,abstract893,keywords893
node/894,title894,description894,abstract894,keywords894
node/895,title895,description895,abstract895,keywords895
node/896,title896,description896,abstract896,keywords896
node/897,title897,description897,abstract897,keywords897
node/898,title898,description898,abstract898,keywords898
node/899,title899,description899,abstract899,keywords899
node/900,title900,description900,abstract900,keywords900
node/901,title901,description901,abstract901,keywords901
node/902,title902,description902,abstract902,keywords902
node/903,title903,description903,abstract903,keywords903
node/904,title904,description904,abstract904,keywords904
node/905,title905,description905,abstract905,keywords905
node/906,title906,description906,abstract906,keywords906
node/907,title907,description907,abstract907,keywords907
node/908,title908,description908,abstract908,keywords908
node/909,title909,description909,abstract909,keywords909
node/910,title910,description910,abstract910,keywords910
node/911,title911,description911,abstract911,keywords911
node/912,title912,description912,abstract912,keywords912
node/913,title913,description913,abstract913,keywords913
node/914,title914,description914,abstract914,keywords914
node/915,title915,description915,abstract915,keywords915
node/916,title916,description916,abstract916,keywords916
node/917,title917,description917,abstract917,keywords917
node/918,title918,description918,abstract918,keywords918
node/919,title919,description919,abstract919,keywords919
node/920,title920,description920,abstract920,keywords920
node/921,title921,description921,abstract921,keywords921
node/922,title922,description922,abstract922,keywords922
node/923,title923,description923,abstract923,keywords923
node/924,title924,description924,abstract924,keywords924
node/925,title925,description925,abstract925,keywords925
node/926,title926,description926,abstract926,keywords926
node/927,title927,description927,abstract927,keywords927
node/928,title928,description928,abstract928,keywords928
node/929,title929,description929,abstract929,keywords929
node/930,title930,description930,abstract930,keywords930
node/931,title931,description931,abstract931,keywords931
node/932,title932,description932,abstract932,keywords932
node/933,title933,description933,abstract933,keywords933
node/934,title934,description934,abstract934,keywords934
node/935,title935,description935,abstract935,keywords935
node/936,title936,description936,abstract936,keywords936
node/937,title937,description937,abstract937,keywords937
node/938,title938,description938,abstract938,keywords938
node/939,title939,description939,abstract939,keywords939
node/940,title940,description940,abstract940,keywords940
node/941,title941,description941,abstract941,keywords941
node/942,title942,description942,abstract942,keywords942
node/943,title943,description943,abstract943,keywords943
node/944,title944,description944,abstract944,keywords944
node/945,title945,description945,abstract945,keywords945
node/946,title946,description946,abstract946,keywords946
node/947,title947,description947,abstract947,keywords947
node/948,title948,description948,abstract948,keywords948
node/949,title949,description949,abstract949,keywords949
node/950,title950,description950,abstract950,keywords950
node/951,title951,description951,abstract951,keywords951
node/952,title952,description952,abstract952,keywords952
node/953,title953,description953,abstract953,keywords953
node/954,title954,description954,abstract954,keywords954
node/955,title955,description955,abstract955,keywords955
node/956,title956,description956,abstract956,keywords956
node/957,title957,description957,abstract957,keywords957
node/958,title958,description958,abstract958,keywords958
node/959,title959,description959,abstract959,keywords959
node/960,title960,description960,abstract960,keywords960
node/961,title961,description961,abstract961,keywords961
node/962,title962,description962,abstract962,keywords962
node/963,title963,description963,abstract963,keywords963
node/964,title964,description964,abstract964,keywords964
node/965,title965,description965,abstract965,keywords965
node/966,title966,description966,abstract966,keywords966
node/967,title967,description967,abstract967,keywords967
node/968,title968,description968,abstract968,keywords968
node/969,title969,description969,abstract969,keywords969
node/970,title970,description970,abstract970,keywords970
node/971,title971,description971,abstract971,keywords971
node/972,title972,description972,abstract972,keywords972
node/973,title973,description973,abstract973,keywords973
node/974,title974,description974,abstract974,keywords974
node/975,title975,description975,abstract975,keywords975
node/976,title976,description976,abstract976,keywords976
node/977,title977,description977,abstract977,keywords977
node/978,title978,description978,abstract978,keywords978
node/979,title979,description979,abstract979,keywords979
node/980,title980,description980,abstract980,keywords980
node/981,title981,description981,abstract981,keywords981
node/982,title982,description982,abstract982,keywords982
node/983,title983,description983,abstract983,keywords983
node/984,title984,description984,abstract984,keywords984
node/985,title985,description985,abstract985,keywords985
node/986,title986,description986,abstract986,keywords986
node/987,title987,description987,abstract987,keywords987
node/988,title988,description988,abstract988,keywords988
node/989,title989,description989,abstract989,keywords989
node/990,title990,description990,abstract990,keywords990
node/991,title991,description991,abstract991,keywords991
node/992,title992,description992,abstract992,keywords992
node/993,title993,description993,abstract993,keywords993
node/994,title994,description994,abstract994,keywords994
node/995,title995,description995,abstract995,keywords995
node/996,title996,description996,abstract996,keywords996
node/997,title997,description997,abstract997,keywords997
node/998,title998,description998,abstract998,keywords998
node/999,title999,description999,abstract999,keywords999
node/1000,title1000,description1000,abstract1000,keywords1000
node/1001,title1001,description1001,abstract1001,keywords1001
node/1002,title1002,description1002,abstract1002,keywords1002
node/1003,title1003,description1003,abstract1003,keywords1003
node/1004,title1004,description1004,abstract1004,keywords1004
node/1005,title1005,description1005,abstract1005,keywords1005
node/1006,title1006,description1006,abstract1006,keywords1006
node/1007,title1007,description1007,abstract1007,keywords1007
node/1008,title1008,description1008,abstract1008,keywords1008
node/1009,title1009,description1009,abstract1009,keywords1009
node/1010,title1010,description1010,abstract1010,keywords1010
node/1011,title1011,description1011,abstract1011,keywords1011
node/1012,title1012,description1012,abstract1012,keywords1012
node/1013,title1013,description1013,abstract1013,keywords1013
node/1014,title1014,description1014,abstract1014,keywords1014
node/1015,title1015,description1015,abstract1015,keywords1015
node/1016,title1016,description1016,abstract1016,keywords1016
node/1017,title1017,description1017,abstract1017,keywords1017
node/1018,title1018,description1018,abstract1018,keywords1018
node/1019,title1019,description1019,abstract1019,keywords1019
node/1020,title1020,description1020,abstract1020,keywords1020
node/1021,title1021,description1021,abstract1021,keywords1021
node/1022,title1022,description1022,abstract1022,keywords1022
node/1023,title1023,description1023,abstract1023,keywords1023
node/1024,title1024,description1024,abstract1024,keywords1024
node/1025,title1025,description1025,abstract1025,keywords1025
node/1026,title1026,description1026,abstract1026,keywords1026
node/1027,title1027,description1027,abstract1027,keywords1027
node/1028,title1028,description1028,abstract1028,keywords1028
node/1029,title1029,description1029,abstract1029,keywords1029
node/1030,title1030,description1030,abstract1030,keywords1030
node/1031,title1031,description1031,abstract1031,keywords1031
node/1032,title1032,description1032,abstract1032,keywords1032
node/1033,title1033,description1033,abstract1033,keywords1033
node/1034,title1034,description1034,abstract1034,keywords1034
node/1035,title1035,description1035,abstract1035,keywords1035
node/1036,title1036,description1036,abstract1036,keywords1036
node/1037,title1037,description1037,abstract1037,keywords1037
node/1038,title1038,description1038,abstract1038,keywords1038
node/1039,title1039,description1039,abstract1039,keywords1039
node/1040,title1040,description1040,abstract1040,keywords1040
node/1041,title1041,description1041,abstract1041,keywords1041
node/1042,title1042,description1042,abstract1042,keywords1042
node/1043,title1043,description1043,abstract1043,keywords1043
node/1044,title1044,description1044,abstract1044,keywords1044
node/1045,title1045,description1045,abstract1045,keywords1045
node/1046,title1046,description1046,abstract1046,keywords1046
node/1047,title1047,description1047,abstract1047,keywords1047
node/1048,title1048,description1048,abstract1048,keywords1048
node/1049,title1049,description1049,abstract1049,keywords1049
node/1050,title1050,description1050,abstract1050,keywords1050
node/1051,title1051,description1051,abstract1051,keywords1051
node/1052,title1052,description1052,abstract1052,keywords1052
node/1053,title1053,description1053,abstract1053,keywords1053
node/1054,title1054,description1054,abstract1054,keywords1054
node/1055,title1055,description1055,abstract1055,keywords1055
node/1056,title1056,description1056,abstract1056,keywords1056
node/1057,title1057,description1057,abstract1057,keywords1057
node/1058,title1058,description1058,abstract1058,keywords1058
node/1059,title1059,description1059,abstract1059,keywords1059
node/1060,title1060,description1060,abstract1060,keywords1060
node/1061,title1061,description1061,abstract1061,keywords1061
node/1062,title1062,description1062,abstract1062,keywords1062
node/1063,title1063,description1063,abstract1063,keywords1063
node/1064,title1064,description1064,abstract1064,keywords1064
node/1065,title1065,description1065,abstract1065,keywords1065
node/1066,title1066,description1066,abstract1066,keywords1066
node/1067,title1067,description1067,abstract1067,keywords1067
node/1068,title1068,description1068,abstract1068,keywords1068
node/1069,title1069,description1069,abstract1069,keywords1069
node/1070,title1070,description1070,abstract1070,keywords1070
node/1071,title1071,description1071,abstract1071,keywords1071
node/1072,title1072,description1072,abstract1072,keywords1072
node/1073,title1073,description1073,abstract1073,keywords1073
node/1074,title1074,description1074,abstract1074,keywords1074
node/1075,title1075,description1075,abstract1075,keywords1075
node/1076,title1076,description1076,abstract1076,keywords1076
node/1077,title1077,description1077,abstract1077,keywords1077
node/1078,title1078,description1078,abstract1078,keywords1078
node/1079,title1079,description1079,abstract1079,keywords1079
node/1080,title1080,description1080,abstract1080,keywords1080
node/1081,title1081,description1081,abstract1081,keywords1081
node/1082,title1082,description1082,abstract1082,keywords1082
node/1083,title1083,description1083,abstract1083,keywords1083
node/1084,title1084,description1084,abstract1084,keywords1084
node/1085,title1085,description1085,abstract1085,keywords1085
node/1086,title1086,description1086,abstract1086,keywords1086
node/1087,title1087,description1087,abstract1087,keywords1087
node/1088,title1088,description1088,abstract1088,keywords1088
node/1089,title1089,description1089,abstract1089,keywords1089
node/1090,title1090,description1090,abstract1090,keywords1090
node/1091,title1091,description1091,abstract1091,keywords1091
node/1092,title1092,description1092,abstract1092,keywords1092
node/1093,title1093,description1093,abstract1093,keywords1093
node/1094,title1094,description1094,abstract1094,keywords1094
node/1095,title1095,description1095,abstract1095,keywords1095
node/1096,title1096,description1096,abstract1096,keywords1096
node/1097,title1097,description1097,abstract1097,keywords1097
node/1098,title1098,description1098,abstract1098,keywords1098
node/1099,title1099,description1099,abstract1099,keywords1099
node/1100,title1100,description1100,abstract1100,keywords1100
node/1101,title1101,description1101,abstract1101,keywords1101
node/1102,title1102,description1102,abstract1102,keywords1102
node/1103,title1103,description1103,abstract1103,keywords1103
node/1104,title1104,description1104,abstract1104,keywords1104
node/1105,title1105,description1105,abstract1105,keywords1105
node/1106,title1106,description1106,abstract1106,keywords1106
node/1107,title1107,description1107,abstract1107,keywords1107
node/1108,title1108,description1108,abstract1108,keywords1108
node/1109,title1109,description1109,abstract1109,keywords1109
node/1110,title1110,description1110,abstract1110,keywords1110
node/1111,title1111,description1111,abstract1111,keywords1111
node/1112,title1112,description1112,abstract1112,keywords1112
node/1113,title1113,description1113,abstract1113,keywords1113
node/1114,title1114,description1114,abstract1114,keywords1114
node/1115,title1115,description1115,abstract1115,keywords1115
node/1116,title1116,description1116,abstract1116,keywords1116
node/1117,title1117,description1117,abstract1117,keywords1117
node/1118,title1118,description1118,abstract1118,keywords1118
node/1119,title1119,description1119,abstract1119,keywords1119
node/1120,title1120,description1120,abstract1120,keywords1120
node/1121,title1121,description1121,abstract1121,keywords1121
node/1122,title1122,description1122,abstract1122,keywords1122
node/1123,title1123,description1123,abstract1123,keywords1123
node/1124,title1124,description1124,abstract1124,keywords1124
node/1125,title1125,description1125,abstract1125,keywords1125
node/1126,title1126,description1126,abstract1126,keywords1126
node/1127,title1127,description1127,abstract1127,keywords1127
node/1128,title1128,description1128,abstract1128,keywords1128
node/1129,title1129,description1129,abstract1129,keywords1129
node/1130,title1130,description1130,abstract1130,keywords1130
node/1131,title1131,description1131,abstract1131,keywords1131
node/1132,title1132,description1132,abstract1132,keywords1132
node/1133,title1133,description1133,abstract1133,keywords1133
node/1134,title1134,description1134,abstract1134,keywords1134
node/1135,title1135,description1135,abstract1135,keywords1135
node/1136,title1136,description1136,abstract1136,keywords1136
node/1137,title1137,description1137,abstract1137,keywords1137
node/1138,title1138,description1138,abstract1138,keywords1138
node/1139,title1139,description1139,abstract1139,keywords1139
node/1140,title1140,description1140,abstract1140,keywords1140
node/1141,title1141,description1141,abstract1141,keywords1141
node/1142,title1142,description1142,abstract1142,keywords1142
node/1143,title1143,description1143,abstract1143,keywords1143
node/1144,title1144,description1144,abstract1144,keywords1144
node/1145,title1145,description1145,abstract1145,keywords1145
node/1146,title1146,description1146,abstract1146,keywords1146
node/1147,title1147,description1147,abstract1147,keywords1147
node/1148,title1148,description1148,abstract1148,keywords1148
node/1149,title1149,description1149,abstract1149,keywords1149
node/1150,title1150,description1150,abstract1150,keywords1150
node/1151,title1151,description1151,abstract1151,keywords1151
node/1152,title1152,description1152,abstract1152,keywords1152
node/1153,title1153,description1153,abstract1153,keywords1153
node/1154,title1154,description1154,abstract1154,keywords1154
node/1155,title1155,description1155,abstract1155,keywords1155
node/1156,title1156,description1156,abstract1156,keywords1156
node/1157,title1157,description1157,abstract1157,keywords1157
node/1158,title1158,description1158,abstract1158,keywords1158
node/1159,title1159,description1159,abstract1159,keywords1159
node/1160,title1160,description1160,abstract1160,keywords1160
node/1161,title1161,description1161,abstract1161,keywords1161
node/1162,title1162,description1162,abstract1162,keywords1162
node/1163,title1163,description1163,abstract1163,keywords1163
node/1164,title1164,description1164,abstract1164,keywords1164
node/1165,title1165,description1165,abstract1165,keywords1165
node/1166,title1166,description1166,abstract1166,keywords1166
node/1167,title1167,description1167,abstract1167,keywords1167
node/1168,title1168,description1168,abstract1168,keywords1168
node/1169,title1169,description1169,abstract1169,keywords1169
node/1170,title1170,description1170,abstract1170,keywords1170
node/1171,title1171,description1171,abstract1171,keywords1171
node/1172,title1172,description1172,abstract1172,keywords1172
node/1173,title1173,description1173,abstract1173,keywords1173
node/1174,title1174,description1174,abstract1174,keywords1174
node/1175,title1175,description1175,abstract1175,keywords1175
node/1176,title1176,description1176,abstract1176,keywords1176
node/1177,title1177,description1177,abstract1177,keywords1177
node/1178,title1178,description1178,abstract1178,keywords1178
node/1179,title1179,description1179,abstract1179,keywords1179
node/1180,title1180,description1180,abstract1180,keywords1180
node/1181,title1181,description1181,abstract1181,keywords1181
node/1182,title1182,description1182,abstract1182,keywords1182
node/1183,title1183,description1183,abstract1183,keywords1183
node/1184,title1184,description1184,abstract1184,keywords1184
node/1185,title1185,description1185,abstract1185,keywords1185
node/1186,title1186,description1186,abstract1186,keywords1186
node/1187,title1187,description1187,abstract1187,keywords1187
node/1188,title1188,description1188,abstract1188,keywords1188
node/1189,title1189,description1189,abstract1189,keywords1189
node/1190,title1190,description1190,abstract1190,keywords1190
node/1191,title1191,description1191,abstract1191,keywords1191
node/1192,title1192,description1192,abstract1192,keywords1192
node/1193,title1193,description1193,abstract1193,keywords1193
node/1194,title1194,description1194,abstract1194,keywords1194
node/1195,title1195,description1195,abstract1195,keywords1195
node/1196,title1196,description1196,abstract1196,keywords1196
node/1197,title1197,description1197,abstract1197,keywords1197
node/1198,title1198,description1198,abstract1198,keywords1198
node/1199,title1199,description1199,abstract1199,keywords1199
node/1200,title1200,description1200,abstract1200,keywords1200
node/1201,title1201,description1201,abstract1201,keywords1201
node/1202,title1202,description1202,abstract1202,keywords1202
node/1203,title1203,description1203,abstract1203,keywords1203
node/1204,title1204,description1204,abstract1204,keywords1204
node/1205,title1205,description1205,abstract1205,keywords1205
node/1206,title1206,description1206,abstract1206,keywords1206
node/1207,title1207,description1207,abstract1207,keywords1207
node/1208,title1208,description1208,abstract1208,keywords1208
node/1209,title1209,description1209,abstract1209,keywords1209
node/1210,title1210,description1210,abstract1210,keywords1210
node/1211,title1211,description1211,abstract1211,keywords1211
node/1212,title1212,description1212,abstract1212,keywords1212
node/1213,title1213,description1213,abstract1213,keywords1213
node/1214,title1214,description1214,abstract1214,keywords1214
node/1215,title1215,description1215,abstract1215,keywords1215
node/1216,title1216,description1216,abstract1216,keywords1216
node/1217,title1217,description1217,abstract1217,keywords1217
node/1218,title1218,description1218,abstract1218,keywords1218
node/1219,title1219,description1219,abstract1219,keywords1219
node/1220,title1220,description1220,abstract1220,keywords1220
node/1221,title1221,description1221,abstract1221,keywords1221
node/1222,title1222,description1222,abstract1222,keywords1222
node/1223,title1223,description1223,abstract1223,keywords1223
node/1224,title1224,description1224,abstract1224,keywords1224
node/1225,title1225,description1225,abstract1225,keywords1225
node/1226,title1226,description1226,abstract1226,keywords1226
node/1227,title1227,description1227,abstract1227,keywords1227
node/1228,title1228,description1228,abstract1228,keywords1228
node/1229,title1229,description1229,abstract1229,keywords1229
node/1230,title1230,description1230,abstract1230,keywords1230
node/1231,title1231,description1231,abstract1231,keywords1231
node/1232,title1232,description1232,abstract1232,keywords1232
node/1233,title1233,description1233,abstract1233,keywords1233
node/1234,title1234,description1234,abstract1234,keywords1234
node/1235,title1235,description1235,abstract1235,keywords1235
node/1236,title1236,description1236,abstract1236,keywords1236
node/1237,title1237,description1237,abstract1237,keywords1237
node/1238,title1238,description1238,abstract1238,keywords1238
node/1239,title1239,description1239,abstract1239,keywords1239
node/1240,title1240,description1240,abstract1240,keywords1240
node/1241,title1241,description1241,abstract1241,keywords1241
node/1242,title1242,description1242,abstract1242,keywords1242
node/1243,title1243,description1243,abstract1243,keywords1243
node/1244,title1244,description1244,abstract1244,keywords1244
node/1245,title1245,description1245,abstract1245,keywords1245
node/1246,title1246,description1246,abstract1246,keywords1246
node/1247,title1247,description1247,abstract1247,keywords1247
node/1248,title1248,description1248,abstract1248,keywords1248
node/1249,title1249,description1249,abstract1249,keywords1249
node/1250,title1250,description1250,abstract1250,keywords1250
node/1251,title1251,description1251,abstract1251,keywords1251
node/1252,title1252,description1252,abstract1252,keywords1252
node/1253,title1253,description1253,abstract1253,keywords1253
node/1254,title1254,description1254,abstract1254,keywords1254
node/1255,title1255,description1255,abstract1255,keywords1255
node/1256,title1256,description1256,abstract1256,keywords1256
node/1257,title1257,description1257,abstract1257,keywords1257
node/1258,title1258,description1258,abstract1258,keywords1258
node/1259,title1259,description1259,abstract1259,keywords1259
node/1260,title1260,description1260,abstract1260,keywords1260
node/1261,title1261,description1261,abstract1261,keywords1261
node/1262,title1262,description1262,abstract1262,keywords1262
node/1263,title1263,description1263,abstract1263,keywords1263
node/1264,title1264,description1264,abstract1264,keywords1264
node/1265,title1265,description1265,abstract1265,keywords1265
node/1266,title1266,description1266,abstract1266,keywords1266
node/1267,title1267,description1267,abstract1267,keywords1267
node/1268,title1268,description1268,abstract1268,keywords1268
node/1269,title1269,description1269,abstract1269,keywords1269
node/1270,title1270,description1270,abstract1270,keywords1270
node/1271,title1271,description1271,abstract1271,keywords1271
node/1272,title1272,description1272,abstract1272,keywords1272
node/1273,title1273,description1273,abstract1273,keywords1273
node/1274,title1274,description1274,abstract1274,keywords1274
node/1275,title1275,description1275,abstract1275,keywords1275
node/1276,title1276,description1276,abstract1276,keywords1276
node/1277,title1277,description1277,abstract1277,keywords1277
node/1278,title1278,description1278,abstract1278,keywords1278
node/1279,title1279,description1279,abstract1279,keywords1279
node/1280,title1280,description1280,abstract1280,keywords1280
node/1281,title1281,description1281,abstract1281,keywords1281
node/1282,title1282,description1282,abstract1282,keywords1282
node/1283,title1283,description1283,abstract1283,keywords1283
node/1284,title1284,description1284,abstract1284,keywords1284
node/1285,title1285,description1285,abstract1285,keywords1285
node/1286,title1286,description1286,abstract1286,keywords1286
node/1287,title1287,description1287,abstract1287,keywords1287
node/1288,title1288,description1288,abstract1288,keywords1288
node/1289,title1289,description1289,abstract1289,keywords1289
node/1290,title1290,description1290,abstract1290,keywords1290
node/1291,title1291,description1291,abstract1291,keywords1291
node/1292,title1292,description1292,abstract1292,keywords1292
node/1293,title1293,description1293,abstract1293,keywords1293
node/1294,title1294,description1294,abstract1294,keywords1294
node/1295,title1295,description1295,abstract1295,keywords1295
node/1296,title1296,description1296,abstract1296,keywords1296
node/1297,title1297,description1297,abstract1297,keywords1297
node/1298,title1298,description1298,abstract1298,keywords1298
node/1299,title1299,description1299,abstract1299,keywords1299
node/1300,title1300,description1300,abstract1300,keywords1300
node/1301,title1301,description1301,abstract1301,keywords1301
node/1302,title1302,description1302,abstract1302,keywords1302
node/1303,title1303,description1303,abstract1303,keywords1303
node/1304,title1304,description1304,abstract1304,keywords1304
node/1305,title1305,description1305,abstract1305,keywords1305
node/1306,title1306,description1306,abstract1306,keywords1306
node/1307,title1307,description1307,abstract1307,keywords1307
node/1308,title1308,description1308,abstract1308,keywords1308
node/1309,title1309,description1309,abstract1309,keywords1309
node/1310,title1310,description1310,abstract1310,keywords1310
node/1311,title1311,description1311,abstract1311,keywords1311
node/1312,title1312,description1312,abstract1312,keywords1312
node/1313,title1313,description1313,abstract1313,keywords1313
node/1314,title1314,description1314,abstract1314,keywords1314
node/1315,title1315,description1315,abstract1315,keywords1315
node/1316,title1316,description1316,abstract1316,keywords1316
node/1317,title1317,description1317,abstract1317,keywords1317
node/1318,title1318,description1318,abstract1318,keywords1318
node/1319,title1319,description1319,abstract1319,keywords1319
node/1320,title1320,description1320,abstract1320,keywords1320
node/1321,title1321,description1321,abstract1321,keywords1321
node/1322,title1322,description1322,abstract1322,keywords1322
node/1323,title1323,description1323,abstract1323,keywords1323
node/1324,title1324,description1324,abstract1324,keywords1324
node/1325,title1325,description1325,abstract1325,keywords1325
node/1326,title1326,description1326,abstract1326,keywords1326
node/1327,title1327,description1327,abstract1327,keywords1327
node/1328,title1328,description1328,abstract1328,keywords1328
node/1329,title1329,description1329,abstract1329,keywords1329
node/1330,title1330,description1330,abstract1330,keywords1330
node/1331,title1331,description1331,abstract1331,keywords1331
node/1332,title1332,description1332,abstract1332,keywords1332
node/1333,title1333,description1333,abstract1333,keywords1333
node/1334,title1334,description1334,abstract1334,keywords1334
node/1335,title1335,description1335,abstract1335,keywords1335
node/1336,title1336,description1336,abstract1336,keywords1336
node/1337,title1337,description1337,abstract1337,keywords1337
node/1338,title1338,description1338,abstract1338,keywords1338
node/1339,title1339,description1339,abstract1339,keywords1339
node/1340,title1340,description1340,abstract1340,keywords1340
node/1341,title1341,description1341,abstract1341,keywords1341
node/1342,title1342,description1342,abstract1342,keywords1342
node/1343,title1343,description1343,abstract1343,keywords1343
node/1344,title1344,description1344,abstract1344,keywords1344
node/1345,title1345,description1345,abstract1345,keywords1345
node/1346,title1346,description1346,abstract1346,keywords1346
node/1347,title1347,description1347,abstract1347,keywords1347
node/1348,title1348,description1348,abstract1348,keywords1348
node/1349,title1349,description1349,abstract1349,keywords1349
node/1350,title1350,description1350,abstract1350,keywords1350
node/1351,title1351,description1351,abstract1351,keywords1351
node/1352,title1352,description1352,abstract1352,keywords1352
node/1353,title1353,description1353,abstract1353,keywords1353
node/1354,title1354,description1354,abstract1354,keywords1354
node/1355,title1355,description1355,abstract1355,keywords1355
node/1356,title1356,description1356,abstract1356,keywords1356
node/1357,title1357,description1357,abstract1357,keywords1357
node/1358,title1358,description1358,abstract1358,keywords1358
node/1359,title1359,description1359,abstract1359,keywords1359
node/1360,title1360,description1360,abstract1360,keywords1360
node/1361,title1361,description1361,abstract1361,keywords1361
node/1362,title1362,description1362,abstract1362,keywords1362
node/1363,title1363,description1363,abstract1363,keywords1363
node/1364,title1364,description1364,abstract1364,keywords1364
node/1365,title1365,description1365,abstract1365,keywords1365
node/1366,title1366,description1366,abstract1366,keywords1366
node/1367,title1367,description1367,abstract1367,keywords1367
node/1368,title1368,description1368,abstract1368,keywords1368
node/1369,title1369,description1369,abstract1369,keywords1369
node/1370,title1370,description1370,abstract1370,keywords1370
node/1371,title1371,description1371,abstract1371,keywords1371
node/1372,title1372,description1372,abstract1372,keywords1372
node/1373,title1373,description1373,abstract1373,keywords1373
node/1374,title1374,description1374,abstract1374,keywords1374
node/1375,title1375,description1375,abstract1375,keywords1375
node/1376,title1376,description1376,abstract1376,keywords1376
node/1377,title1377,description1377,abstract1377,keywords1377
node/1378,title1378,description1378,abstract1378,keywords1378
node/1379,title1379,description1379,abstract1379,keywords1379
node/1380,title1380,description1380,abstract1380,keywords1380
node/1381,title1381,description1381,abstract1381,keywords1381
node/1382,title1382,description1382,abstract1382,keywords1382
node/1383,title1383,description1383,abstract1383,keywords1383
node/1384,title1384,description1384,abstract1384,keywords1384
node/1385,title1385,description1385,abstract1385,keywords1385
node/1386,title1386,description1386,abstract1386,keywords1386
node/1387,title1387,description1387,abstract1387,keywords1387
node/1388,title1388,description1388,abstract1388,keywords1388
node/1389,title1389,description1389,abstract1389,keywords1389
node/1390,title1390,description1390,abstract1390,keywords1390
node/1391,title1391,description1391,abstract1391,keywords1391
node/1392,title1392,description1392,abstract1392,keywords1392
node/1393,title1393,description1393,abstract1393,keywords1393
node/1394,title1394,description1394,abstract1394,keywords1394
node/1395,title1395,description1395,abstract1395,keywords1395
node/1396,title1396,description1396,abstract1396,keywords1396
node/1397,title1397,description1397,abstract1397,keywords1397
node/1398,title1398,description1398,abstract1398,keywords1398
node/1399,title1399,description1399,abstract1399,keywords1399
node/1400,title1400,description1400,abstract1400,keywords1400
node/1401,title1401,description1401,abstract1401,keywords1401
node/1402,title1402,description1402,abstract1402,keywords1402
node/1403,title1403,description1403,abstract1403,keywords1403
node/1404,title1404,description1404,abstract1404,keywords1404
node/1405,title1405,description1405,abstract1405,keywords1405
node/1406,title1406,description1406,abstract1406,keywords1406
node/1407,title1407,description1407,abstract1407,keywords1407
node/1408,title1408,description1408,abstract1408,keywords1408
node/1409,title1409,description1409,abstract1409,keywords1409
node/1410,title1410,description1410,abstract1410,keywords1410
node/1411,title1411,description1411,abstract1411,keywords1411
node/1412,title1412,description1412,abstract1412,keywords1412
node/1413,title1413,description1413,abstract1413,keywords1413
node/1414,title1414,description1414,abstract1414,keywords1414
node/1415,title1415,description1415,abstract1415,keywords1415
node/1416,title1416,description1416,abstract1416,keywords1416
node/1417,title1417,description1417,abstract1417,keywords1417
node/1418,title1418,description1418,abstract1418,keywords1418
node/1419,title1419,description1419,abstract1419,keywords1419
node/1420,title1420,description1420,abstract1420,keywords1420
node/1421,title1421,description1421,abstract1421,keywords1421
node/1422,title1422,description1422,abstract1422,keywords1422
node/1423,title1423,description1423,abstract1423,keywords1423
node/1424,title1424,description1424,abstract1424,keywords1424
node/1425,title1425,description1425,abstract1425,keywords1425
node/1426,title1426,description1426,abstract1426,keywords1426
node/1427,title1427,description1427,abstract1427,keywords1427
node/1428,title1428,description1428,abstract1428,keywords1428
node/1429,title1429,description1429,abstract1429,keywords1429
node/1430,title1430,description1430,abstract1430,keywords1430
node/1431,title1431,description1431,abstract1431,keywords1431
node/1432,title1432,description1432,abstract1432,keywords1432
node/1433,title1433,description1433,abstract1433,keywords1433
node/1434,title1434,description1434,abstract1434,keywords1434
node/1435,title1435,description1435,abstract1435,keywords1435
node/1436,title1436,description1436,abstract1436,keywords1436
node/1437,title1437,description1437,abstract1437,keywords1437
node/1438,title1438,description1438,abstract1438,keywords1438
node/1439,title1439,description1439,abstract1439,keywords1439
node/1440,title1440,description1440,abstract1440,keywords1440
node/1441,title1441,description1441,abstract1441,keywords1441
node/1442,title1442,description1442,abstract1442,keywords1442
node/1443,title1443,description1443,abstract1443,keywords1443
node/1444,title1444,description1444,abstract1444,keywords1444
node/1445,title1445,description1445,abstract1445,keywords1445
node/1446,title1446,description1446,abstract1446,keywords1446
node/1447,title1447,description1447,abstract1447,keywords1447
node/1448,title1448,description1448,abstract1448,keywords1448
node/1449,title1449,description1449,abstract1449,keywords1449
node/1450,title1450,description1450,abstract1450,keywords1450
node/1451,title1451,description1451,abstract1451,keywords1451
node/1452,title1452,description1452,abstract1452,keywords1452
node/1453,title1453,description1453,abstract1453,keywords1453
node/1454,title1454,description1454,abstract1454,keywords1454
node/1455,title1455,description1455,abstract1455,keywords1455
node/1456,title1456,description1456,abstract1456,keywords1456
node/1457,title1457,description1457,abstract1457,keywords1457
node/1458,title1458,description1458,abstract1458,keywords1458
node/1459,title1459,description1459,abstract1459,keywords1459
node/1460,title1460,description1460,abstract1460,keywords1460
node/1461,title1461,description1461,abstract1461,keywords1461
node/1462,title1462,description1462,abstract1462,keywords1462
node/1463,title1463,description1463,abstract1463,keywords1463
node/1464,title1464,description1464,abstract1464,keywords1464
node/1465,title1465,description1465,abstract1465,keywords1465
node/1466,title1466,description1466,abstract1466,keywords1466
node/1467,title1467,description1467,abstract1467,keywords1467
node/1468,title1468,description1468,abstract1468,keywords1468
node/1469,title1469,description1469,abstract1469,keywords1469
node/1470,title1470,description1470,abstract1470,keywords1470
node/1471,title1471,description1471,abstract1471,keywords1471
node/1472,title1472,description1472,abstract1472,keywords1472
node/1473,title1473,description1473,abstract1473,keywords1473
node/1474,title1474,description1474,abstract1474,keywords1474
node/1475,title1475,description1475,abstract1475,keywords1475
node/1476,title1476,description1476,abstract1476,keywords1476
node/1477,title1477,description1477,abstract1477,keywords1477
node/1478,title1478,description1478,abstract1478,keywords1478
node/1479,title1479,description1479,abstract1479,keywords1479
node/1480,title1480,description1480,abstract1480,keywords1480
node/1481,title1481,description1481,abstract1481,keywords1481
node/1482,title1482,description1482,abstract1482,keywords1482
node/1483,title1483,description1483,abstract1483,keywords1483
node/1484,title1484,description1484,abstract1484,keywords1484
node/1485,title1485,description1485,abstract1485,keywords1485
node/1486,title1486,description1486,abstract1486,keywords1486
node/1487,title1487,description1487,abstract1487,keywords1487
node/1488,title1488,description1488,abstract1488,keywords1488
node/1489,title1489,description1489,abstract1489,keywords1489
node/1490,title1490,description1490,abstract1490,keywords1490
node/1491,title1491,description1491,abstract1491,keywords1491
node/1492,title1492,description1492,abstract1492,keywords1492
node/1493,title1493,description1493,abstract1493,keywords1493
node/1494,title1494,description1494,abstract1494,keywords1494
node/1495,title1495,description1495,abstract1495,keywords1495
node/1496,title1496,description1496,abstract1496,keywords1496
node/1497,title1497,description1497,abstract1497,keywords1497
node/1498,title1498,description1498,abstract1498,keywords1498
node/1499,title1499,description1499,abstract1499,keywords1499
node/1500,title1500,description1500,abstract1500,keywords1500
node/1501,title1501,description1501,abstract1501,keywords1501
node/1502,title1502,description1502,abstract1502,keywords1502
node/1503,title1503,description1503,abstract1503,keywords1503
node/1504,title1504,description1504,abstract1504,keywords1504
node/1505,title1505,description1505,abstract1505,keywords1505
node/1506,title1506,description1506,abstract1506,keywords1506
node/1507,title1507,description1507,abstract1507,keywords1507
node/1508,title1508,description1508,abstract1508,keywords1508
node/1509,title1509,description1509,abstract1509,keywords1509
node/1510,title1510,description1510,abstract1510,keywords1510
node/1511,title1511,description1511,abstract1511,keywords1511
node/1512,title1512,description1512,abstract1512,keywords1512
node/1513,title1513,description1513,abstract1513,keywords1513
node/1514,title1514,description1514,abstract1514,keywords1514
node/1515,title1515,description1515,abstract1515,keywords1515
node/1516,title1516,description1516,abstract1516,keywords1516
node/1517,title1517,description1517,abstract1517,keywords1517
node/1518,title1518,description1518,abstract1518,keywords1518
node/1519,title1519,description1519,abstract1519,keywords1519
node/1520,title1520,description1520,abstract1520,keywords1520
node/1521,title1521,description1521,abstract1521,keywords1521
node/1522,title1522,description1522,abstract1522,keywords1522
node/1523,title1523,description1523,abstract1523,keywords1523
node/1524,title1524,description1524,abstract1524,keywords1524
node/1525,title1525,description1525,abstract1525,keywords1525
node/1526,title1526,description1526,abstract1526,keywords1526
node/1527,title1527,description1527,abstract1527,keywords1527
node/1528,title1528,description1528,abstract1528,keywords1528
node/1529,title1529,description1529,abstract1529,keywords1529
node/1530,title1530,description1530,abstract1530,keywords1530
node/1531,title1531,description1531,abstract1531,keywords1531
node/1532,title1532,description1532,abstract1532,keywords1532
node/1533,title1533,description1533,abstract1533,keywords1533
node/1534,title1534,description1534,abstract1534,keywords1534
node/1535,title1535,description1535,abstract1535,keywords1535
node/1536,title1536,description1536,abstract1536,keywords1536
node/1537,title1537,description1537,abstract1537,keywords1537
node/1538,title1538,description1538,abstract1538,keywords1538
node/1539,title1539,description1539,abstract1539,keywords1539
node/1540,title1540,description1540,abstract1540,keywords1540
node/1541,title1541,description1541,abstract1541,keywords1541
node/1542,title1542,description1542,abstract1542,keywords1542
node/1543,title1543,description1543,abstract1543,keywords1543
node/1544,title1544,description1544,abstract1544,keywords1544
node/1545,title1545,description1545,abstract1545,keywords1545
node/1546,title1546,description1546,abstract1546,keywords1546
node/1547,title1547,description1547,abstract1547,keywords1547
node/1548,title1548,description1548,abstract1548,keywords1548
node/1549,title1549,description1549,abstract1549,keywords1549
node/1550,title1550,description1550,abstract1550,keywords1550
node/1551,title1551,description1551,abstract1551,keywords1551
node/1552,title1552,description1552,abstract1552,keywords1552
node/1553,title1553,description1553,abstract1553,keywords1553
node/1554,title1554,description1554,abstract1554,keywords1554
node/1555,title1555,description1555,abstract1555,keywords1555
node/1556,title1556,description1556,abstract1556,keywords1556
node/1557,title1557,description1557,abstract1557,keywords1557
node/1558,title1558,description1558,abstract1558,keywords1558
node/1559,title1559,description1559,abstract1559,keywords1559
node/1560,title1560,description1560,abstract1560,keywords1560
node/1561,title1561,description1561,abstract1561,keywords1561
node/1562,title1562,description1562,abstract1562,keywords1562
node/1563,title1563,description1563,abstract1563,keywords1563
node/1564,title1564,description1564,abstract1564,keywords1564
node/1565,title1565,description1565,abstract1565,keywords1565
node/1566,title1566,description1566,abstract1566,keywords1566
node/1567,title1567,description1567,abstract1567,keywords1567
node/1568,title1568,description1568,abstract1568,keywords1568
node/1569,title1569,description1569,abstract1569,keywords1569
node/1570,title1570,description1570,abstract1570,keywords1570
node/1571,title1571,description1571,abstract1571,keywords1571
node/1572,title1572,description1572,abstract1572,keywords1572
node/1573,title1573,description1573,abstract1573,keywords1573
node/1574,title1574,description1574,abstract1574,keywords1574
node/1575,title1575,description1575,abstract1575,keywords1575
node/1576,title1576,description1576,abstract1576,keywords1576
node/1577,title1577,description1577,abstract1577,keywords1577
node/1578,title1578,description1578,abstract1578,keywords1578
node/1579,title1579,description1579,abstract1579,keywords1579
node/1580,title1580,description1580,abstract1580,keywords1580
node/1581,title1581,description1581,abstract1581,keywords1581
node/1582,title1582,description1582,abstract1582,keywords1582
node/1583,title1583,description1583,abstract1583,keywords1583
node/1584,title1584,description1584,abstract1584,keywords1584
node/1585,title1585,description1585,abstract1585,keywords1585
node/1586,title1586,description1586,abstract1586,keywords1586
node/1587,title1587,description1587,abstract1587,keywords1587
node/1588,title1588,description1588,abstract1588,keywords1588
node/1589,title1589,description1589,abstract1589,keywords1589
node/1590,title1590,description1590,abstract1590,keywords1590
node/1591,title1591,description1591,abstract1591,keywords1591
node/1592,title1592,description1592,abstract1592,keywords1592
node/1593,title1593,description1593,abstract1593,keywords1593
node/1594,title1594,description1594,abstract1594,keywords1594
node/1595,title1595,description1595,abstract1595,keywords1595
node/1596,title1596,description1596,abstract1596,keywords1596
node/1597,title1597,description1597,abstract1597,keywords1597
node/1598,title1598,description1598,abstract1598,keywords1598
node/1599,title1599,description1599,abstract1599,keywords1599
node/1600,title1600,description1600,abstract1600,keywords1600
node/1601,title1601,description1601,abstract1601,keywords1601
node/1602,title1602,description1602,abstract1602,keywords1602
node/1603,title1603,description1603,abstract1603,keywords1603
node/1604,title1604,description1604,abstract1604,keywords1604
node/1605,title1605,description1605,abstract1605,keywords1605
node/1606,title1606,description1606,abstract1606,keywords1606
node/1607,title1607,description1607,abstract1607,keywords1607
node/1608,title1608,description1608,abstract1608,keywords1608
node/1609,title1609,description1609,abstract1609,keywords1609
node/1610,title1610,description1610,abstract1610,keywords1610
node/1611,title1611,description1611,abstract1611,keywords1611
node/1612,title1612,description1612,abstract1612,keywords1612
node/1613,title1613,description1613,abstract1613,keywords1613
node/1614,title1614,description1614,abstract1614,keywords1614
node/1615,title1615,description1615,abstract1615,keywords1615
node/1616,title1616,description1616,abstract1616,keywords1616
node/1617,title1617,description1617,abstract1617,keywords1617
node/1618,title1618,description1618,abstract1618,keywords1618
node/1619,title1619,description1619,abstract1619,keywords1619
node/1620,title1620,description1620,abstract1620,keywords1620
node/1621,title1621,description1621,abstract1621,keywords1621
node/1622,title1622,description1622,abstract1622,keywords1622
node/1623,title1623,description1623,abstract1623,keywords1623
