Path,"Node Title"," Meta Title","Meta Description","Meta Abstract"," Meta Keywords"
Paaath,"Nodae Titale"," Meta Tiatle","Meta aDescription","Meta aAbstract"," Meta Keywords"
Paaath,"Nodae Titale"," Meta Tiatle","Meta aDescription","Meta aAbstract"," Meta Keywords"
Paaath,"Nodae Titale"," Meta Tiatle","Meta aDescription","Meta aAbstract"," Meta Keywords"
Paaath,"Nodae Titale"," Meta Tiatle","Meta aDescription","Meta aAbstract"," Meta Keywords"
Paaath,"Nodae Titale"," Meta Tiatle","Meta aDescription","Meta aAbstract"," Meta Keywords"
Paaath,"Nodae Titale"," Meta Tiatle","Meta aDescription","Meta aAbstract"," Meta Keywords"
Paaath,"Nodae Titale"," Meta Tiatle","Meta aDescription","Meta aAbstract"," Meta Keywords"
Paaath,"Nodae Titale"," Meta Tiatle","Meta aDescription","Meta aAbstract"," Meta Keywords"
Paaath,"Nodae Titale"," Meta Tiatle","Meta aDescription","Meta aAbstract"," Meta Keywords"
Paaath,"Nodae Titale"," Meta Tiatle","Meta aDescription","Meta aAbstract"," Meta Keywords"
Paaath,"Nodae Titale"," Meta Tiatle","Meta aDescription","Meta aAbstract"," Meta Keywords"
Paaath,"Nodae Titale"," Meta Tiatle","Meta aDescription","Meta aAbstract"," Meta Keywords"
